name,datetime,tempmax,tempmin,temp,feelslikemax,feelslikemin,feelslike,dew,humidity,precip,precipprob,precipcover,preciptype,snow,snowdepth,windgust,windspeed,winddir,sealevelpressure,cloudcover,visibility,solarradiation,solarenergy,uvindex,severerisk,sunrise,sunset,moonphase,conditions,description,icon,stations
"New York City,USA",2023-12-01,8.8,5.7,7.2,7.7,3,5.5,3.1,75.9,0.625,100,33.33,rain,0,0,72.2,14.7,238.7,1020.7,47.4,14.7,32.5,2.7,2,10,2023-12-01T07:00:36,2023-12-01T16:29:18,0.64,"Rain, Partially cloudy",Becoming cloudy in the afternoon with rain.,rain,"72505394728,72055399999,KLGA,KJRB,F1417,KNYC,72503014732"
"New York City,USA",2023-12-02,14.4,8.3,10.2,14.4,6.2,9.4,7.8,85.5,0,0,0,,0,0,18.4,12.6,265.6,1016.6,56.5,11.4,77.5,6.8,5,10,2023-12-02T07:01:37,2023-12-02T16:29:04,0.67,Partially cloudy,Clearing in the afternoon.,partly-cloudy-day,"72505394728,72055399999,KLGA,KJRB,F1417,KNYC,72503014732"
"New York City,USA",2023-12-03,10.6,8.9,9.5,10.6,5.8,8.3,8.3,92.2,0.904,100,70.83,rain,0,0,36.4,27.5,46.1,1009.6,98.4,9.6,10.4,1,1,10,2023-12-03T07:02:37,2023-12-03T16:28:51,0.7,"Rain, Overcast",Cloudy skies throughout the day with a chance of rain throughout the day.,rain,"72505394728,72055399999,KLGA,KJRB,F1417,KNYC,72503014732"
"New York City,USA",2023-12-04,11.2,6.7,8.7,11.2,4.1,7.3,3.4,70.5,0,0,0,,0,0,92.5,32.7,265.1,1008.7,17.5,16,85.6,7.4,5,10,2023-12-04T07:03:36,2023-12-04T16:28:41,0.73,Clear,Clear conditions throughout the day.,clear-day,"72505394728,72055399999,KLGA,KJRB,F1417,KNYC,72503014732"
"New York City,USA",2023-12-05,6.7,4.3,5.7,5.6,2.4,3.9,-2.2,57.4,0,0,0,,0,0,66.6,14.2,301,1016.3,27.8,16,63,5.5,3,10,2023-12-05T07:04:34,2023-12-05T16:28:33,0.75,Partially cloudy,Partly cloudy throughout the day.,partly-cloudy-day,"72505394728,72055399999,KLGA,KJRB,F1417,KNYC,72503014732"
"New York City,USA",2023-12-06,6.6,2.2,4.3,5,-0.7,2.1,-3.2,58.6,0,0,0,,0,0,43.7,17.9,9.5,1016.1,74.1,16,67.3,5.7,5,10,2023-12-06T07:05:30,2023-12-06T16:28:28,0.8,Partially cloudy,Partly cloudy throughout the day.,partly-cloudy-day,"72505394728,72055399999,KLGA,KJRB,F1417,KNYC,72503014732"
"New York City,USA",2023-12-07,4.3,1.1,2.6,2,-2.9,-0.6,-3.5,64.8,0,0,0,,0,0,72,18.3,262.1,1017.4,62.1,15.9,33.8,3.1,2,10,2023-12-07T07:06:25,2023-12-07T16:28:25,0.83,Partially cloudy,Partly cloudy throughout the day.,partly-cloudy-day,"72505394728,72055399999,KLGA,KJRB,F1417,KNYC,72503014732"
"New York City,USA",2023-12-08,11.1,3.9,7,11.1,0.7,5.5,1,66.6,0,0,0,,0,0,68.4,13,229.6,1021.8,29.5,16,87.4,7.5,5,10,2023-12-08T07:07:19,2023-12-08T16:28:24,0.86,Partially cloudy,Partly cloudy throughout the day.,partly-cloudy-day,"72505394728,72055399999,KLGA,KJRB,F1417,KNYC,72503014732"
"New York City,USA",2023-12-09,15,7.8,10.5,15,5.8,10.1,6.6,77.3,0,0,0,,0,0,14.8,10.9,24.1,1022.5,12.9,15.6,80,7,4,10,2023-12-09T07:08:12,2023-12-09T16:28:25,0.9,Clear,Clear conditions throughout the day.,clear-day,"72505394728,72055399999,KLGA,KJRB,F1417,KNYC,72503014732"
"New York City,USA",2023-12-10,15.1,10.6,13.5,15.1,10.6,13.5,11.1,85.9,1.438,100,45.83,rain,0,0,59.4,18.1,225.6,1012.3,93.2,14.2,18.2,1.6,2,10,2023-12-10T07:09:03,2023-12-10T16:28:29,0.93,"Rain, Overcast",Cloudy skies throughout the day with rain.,rain,"72505394728,72055399999,KLGA,KJRB,F1417,KNYC,72503014732"
"New York City,USA",2023-12-11,10,3.8,6.2,10,1.8,4.6,1.2,72.1,0.873,100,41.67,rain,0,0,63,13.6,301.2,1010.7,80.5,15.2,40.4,3.4,2,10,2023-12-11T07:09:53,2023-12-11T16:28:35,0.96,"Rain, Partially cloudy",Partly cloudy throughout the day with rain clearing later.,rain,"72505394728,72055399999,KLGA,KJRB,F1417,KNYC,72503014732"
"New York City,USA",2023-12-12,7.8,2.8,5,4.6,-1.1,1.8,-3.6,54.5,0,0,0,,0,0,70.2,23.6,254.1,1028.5,24.7,16,105.3,9.3,5,10,2023-12-12T07:10:41,2023-12-12T16:28:43,0,Partially cloudy,Partly cloudy throughout the day.,partly-cloudy-day,"72505394728,72055399999,KLGA,KJRB,F1417,KNYC,72503014732"
"New York City,USA",2023-12-13,9.9,3.4,5.8,7.2,0.4,3.5,-4.1,50.9,0,0,0,,0,0,72.4,25.8,264.1,1031.8,5.5,16,101.3,8.7,5,10,2023-12-13T07:11:27,2023-12-13T16:28:54,0.03,Clear,Clear conditions throughout the day.,clear-day,"72505394728,72055399999,KLGA,KJRB,F1417,KNYC,72503014732"
"New York City,USA",2023-12-14,6.6,1.6,3.8,4.3,-1.6,1.1,-6.2,48.8,0,0,0,,0,0,70.5,20.3,267.7,1036.7,9.7,16,114.5,10,6,10,2023-12-14T07:12:12,2023-12-14T16:29:07,0.06,Clear,Clear conditions throughout the day.,clear-day,"72505394728,72055399999,KLGA,KJRB,F1417,KNYC,72503014732"
"New York City,USA",2023-12-15,15.6,2.9,7.9,15.6,-1.1,6,-2.6,48.6,0,0,0,,0,0,73,20.1,256.7,1028.7,0.7,16,102.3,8.8,5,10,2023-12-15T07:12:55,2023-12-15T16:29:22,0.1,Clear,Clear conditions throughout the day.,clear-day,"72505394728,72055399999,KLGA,KJRB,F1417,KNYC,72503014732"
"New York City,USA",2023-12-16,13.3,7.3,9.8,13.3,5.2,8.7,1.7,57.8,0,0,0,,0,0,29.5,23.7,45.8,1031.5,10.3,15.9,96,8.4,4,10,2023-12-16T07:13:37,2023-12-16T16:29:39,0.13,Clear,Clear conditions throughout the day.,clear-day,"72505394728,72055399999,KLGA,KJRB,F1417,KNYC,72503014732"
"New York City,USA",2023-12-17,13.4,8.3,10.7,13.4,5.5,9.5,8.2,84.4,0.184,100,29.17,rain,0,0,42.5,27.1,45.1,1022.1,100,15.4,24.2,2.1,1,10,2023-12-17T07:14:16,2023-12-17T16:29:59,0.17,"Rain, Overcast",Cloudy skies throughout the day with rain.,rain,"72505394728,72055399999,KLGA,KJRB,F1417,KNYC,72503014732"
"New York City,USA",2023-12-18,15.7,6.2,11.7,15.7,2.8,10.5,8.4,81.2,3.124,100,58.33,rain,0,0,56.8,31,249.3,992.9,76.1,11.1,35.6,3.1,4,10,2023-12-18T07:14:54,2023-12-18T16:30:20,0.2,"Rain, Partially cloudy",Partly cloudy throughout the day with a chance of rain throughout the day.,rain,"72505394728,72055399999,KLGA,KJRB,F1417,KNYC,72503014732"
"New York City,USA",2023-12-19,7.7,1.1,4.4,6.6,-1.8,1.4,-3.3,58.1,0,0,0,,0,0,76.2,21.8,273.9,1015.1,40.4,15.9,120,10.4,6,10,2023-12-19T07:15:30,2023-12-19T16:30:44,0.25,Partially cloudy,Partly cloudy throughout the day.,partly-cloudy-day,"72505394728,72055399999,KLGA,KJRB,F1417,KNYC,72503014732"
"New York City,USA",2023-12-20,8.7,0,3.5,7.5,-3.2,1.5,-5.1,54.1,0,0,0,,0,0,76,16.6,314.8,1028,30.3,16,96.5,8.4,5,10,2023-12-20T07:16:04,2023-12-20T16:31:10,0.28,Partially cloudy,Becoming cloudy in the afternoon.,partly-cloudy-day,"72505394728,72055399999,KLGA,KJRB,F1417,KNYC,72503014732"
"New York City,USA",2023-12-21,7.7,1,3.9,5.4,-2.7,1.4,-4.6,54.7,0,0,0,,0,0,35.3,20.3,28.7,1030.1,0.4,15.7,98.8,8.5,5,10,2023-12-21T07:16:36,2023-12-21T16:31:39,0.31,Clear,Clear conditions throughout the day.,clear-day,"72505394728,72055399999,KLGA,KJRB,F1417,KNYC,72503014732"
"New York City,USA",2023-12-22,4.9,-2.2,1,2.8,-6.7,-0.9,-8.5,50.2,0,0,0,,0,0,70.2,20.2,340.9,1032.1,3.2,16,89.3,7.6,5,10,2023-12-22T07:17:06,2023-12-22T16:32:09,0.35,Clear,Clear conditions throughout the day.,clear-day,"72505394728,72055399999,KLGA,KJRB,F1417,KNYC,72503014732"
"New York City,USA",2023-12-23,6.7,2.1,4.4,6.1,-0.5,2.3,-3.1,59.2,0,0,0,,0,0,14.8,16.1,46.9,1032.2,72.4,16,37.5,3.1,2,10,2023-12-23T07:17:34,2023-12-23T16:32:41,0.38,Partially cloudy,Partly cloudy throughout the day.,partly-cloudy-day,"72505394728,72055399999,KLGA,KJRB,F1417,KNYC,72503014732"
"New York City,USA",2023-12-24,7.9,5.6,6.6,7.2,2.7,5.8,3.7,81.8,0.033,100,12.5,rain,0,0,11.2,14,280.2,1030.1,98.4,15.9,34.3,3,2,10,2023-12-24T07:18:00,2023-12-24T16:33:16,0.42,"Rain, Overcast",Cloudy skies throughout the day with rain clearing later.,rain,"72505394728,72055399999,KLGA,KJRB,F1417,KNYC,72503014732"
"New York City,USA",2023-12-25,8.9,6.2,7.5,8.8,3.3,6.1,5.6,87.3,0,0,0,,0,0,13,14.5,53.1,1030.4,88.2,12.6,34.3,3,2,10,2023-12-25T07:18:24,2023-12-25T16:33:52,0.45,Partially cloudy,Partly cloudy throughout the day.,partly-cloudy-day,"72505394728,72055399999,KLGA,KJRB,F1417,KNYC,72503014732"
"New York City,USA",2023-12-26,8.5,6.7,7.4,8.4,3.9,6.3,5.7,88.8,0,0,0,,0,0,11.2,14.3,70.8,1026.4,91.5,7.6,37,3.2,2,10,2023-12-26T07:18:46,2023-12-26T16:34:30,0.5,Overcast,Cloudy skies throughout the day.,cloudy,"72505394728,72055399999,KLGA,KJRB,F1417,KNYC,72503014732"
"New York City,USA",2023-12-27,9.3,6.7,7.8,7.2,4.8,6,6.3,89.8,0.298,100,25,rain,0,0,35.3,25.3,46.2,1018.2,97.6,12.5,28.5,2.5,2,10,2023-12-27T07:19:05,2023-12-27T16:35:10,0.52,"Rain, Overcast",Cloudy skies throughout the day with rain.,rain,"72505394728,72055399999,KLGA,KJRB,F1417,KNYC,72503014732"
"New York City,USA",2023-12-28,11.7,8.9,10.1,11.7,5.3,9,8.6,90.5,2.085,100,62.5,rain,0,0,47.1,37.9,39.5,1005.7,100,10.9,15.4,1.3,1,10,2023-12-28T07:19:23,2023-12-28T16:35:52,0.55,"Rain, Overcast",Cloudy skies throughout the day with rain.,rain,"72505394728,72055399999,KLGA,KJRB,F1417,KNYC,72503014732"
"New York City,USA",2023-12-29,12.2,7.9,9.5,12.2,6.8,8.9,6.3,81.8,0.04,100,12.5,rain,0,0,44.6,21.3,260.4,1005,84.5,12.7,87.7,7.4,5,10,2023-12-29T07:19:38,2023-12-29T16:36:36,0.59,"Rain, Partially cloudy",Partly cloudy throughout the day with rain.,rain,"72505394728,72055399999,KLGA,KJRB,F1417,KNYC,72503014732"
"New York City,USA",2023-12-30,7.9,3.9,6,6.6,0.3,3.3,0.2,66.5,0,0,0,,0,0,78.6,32.4,270.2,1005,66.9,16,43.4,3.8,3,10,2023-12-30T07:19:51,2023-12-30T16:37:22,0.62,Partially cloudy,Partly cloudy throughout the day.,partly-cloudy-day,"72505394728,72055399999,KLGA,KJRB,F1417,KNYC,72503014732"
"New York City,USA",2023-12-31,6.2,4.3,5.5,5,1,3.6,-2.7,55.8,0,0,0,,0,0,38.9,18.2,268.3,1014.8,96.7,16,31.9,2.6,2,10,2023-12-31T07:20:02,2023-12-31T16:38:09,0.65,Overcast,Cloudy skies throughout the day.,cloudy,"72505394728,72055399999,KLGA,KJRB,F1417,KNYC,72503014732"
"New York City,USA",2024-01-01,9.2,3.3,5.9,8.8,2.5,4.6,-0.4,64,0.039,100,12.5,rain,0,0,60.5,17.5,302.2,1017.1,76.4,16,71.5,6.1,5,10,2024-01-01T07:20:10,2024-01-01T16:38:58,0.68,"Rain, Partially cloudy",Partly cloudy throughout the day with morning rain.,rain,"72505394728,72055399999,KLGA,KJRB,F1417,KNYC,72503014732"
"New York City,USA",2024-01-02,7.7,-0.1,3.5,6.4,-3.2,1.1,-4.1,58.7,0,0,0,,0,0,60.8,14.6,312.6,1018.4,0.1,15.9,106.7,9.2,5,10,2024-01-02T07:20:17,2024-01-02T16:39:49,0.72,Clear,Clear conditions throughout the day.,clear-day,"72505394728,72055399999,KLGA,KJRB,F1417,KNYC,72503014732"
"New York City,USA",2024-01-03,7.1,1.7,4,5.7,-2.2,1.4,-3.1,60,0,0,0,,0,0,68.4,14.5,273.8,1016.7,48.7,15.8,71.1,6.1,5,10,2024-01-03T07:20:21,2024-01-03T16:40:41,0.75,Partially cloudy,Becoming cloudy in the afternoon.,partly-cloudy-day,"72505394728,72055399999,KLGA,KJRB,F1417,KNYC,72503014732"
"New York City,USA",2024-01-04,8.7,-0.7,4.2,8.7,-4.2,2,-4,55.7,0,0,0,,0,0,76,11.4,280.1,1016.4,61.6,16,54.7,4.7,4,10,2024-01-04T07:20:23,2024-01-04T16:41:35,0.78,Partially cloudy,Partly cloudy throughout the day.,partly-cloudy-day,"72505394728,72055399999,KLGA,KJRB,F1417,KNYC,72503014732"
"New York City,USA",2024-01-05,4.9,-2.2,0.9,2.3,-7.4,-2.4,-7.7,53.5,0,0,0,,0,0,53.6,18.3,269.3,1025,0.6,16,107.7,9.4,5,10,2024-01-05T07:20:22,2024-01-05T16:42:30,0.81,Clear,Clear conditions throughout the day.,clear-day,"72505394728,72055399999,KLGA,KJRB,F1417,KNYC,72503014732"
"New York City,USA",2024-01-06,3.8,0,1.7,0,-4,-2.2,-2.7,73.4,0.587,100,33.33,"rain,snow",2.4,0.5,53.6,31.7,32,1018,49.6,14.1,23.5,2.1,1,10,2024-01-06T07:20:19,2024-01-06T16:43:26,0.85,"Snow, Rain, Partially cloudy",Becoming cloudy in the afternoon with rain or snow.,snow,"72505394728,72055399999,KLGA,KJRB,F1417,KNYC,72503014732"
"New York City,USA",2024-01-07,3.8,2.2,3.2,3.8,-2.7,0.2,1,85.7,0.345,100,54.17,rain,1.8,0.3,49.8,31,21.7,1005.4,92.4,13.7,27,2.2,3,10,2024-01-07T07:20:14,2024-01-07T16:44:24,0.88,"Rain, Overcast",Cloudy skies throughout the day with a chance of rain or snow throughout the day.,snow,"72505394728,72055399999,KLGA,KJRB,F1417,KNYC,72503014732"
"New York City,USA",2024-01-08,8.7,2.8,4.9,8.2,0.5,3.8,-3,57.7,0,0,0,,0,0,59,13,299.8,1026.4,28.5,16,114.3,9.9,5,10,2024-01-08T07:20:07,2024-01-08T16:45:24,0.91,Partially cloudy,Clearing in the afternoon.,partly-cloudy-day,"72505394728,72055399999,KLGA,KJRB,F1417,KNYC,72503014732"
"New York City,USA",2024-01-09,12.3,3.3,6.6,12.3,1.4,4.5,3,78.4,2.12,100,50,rain,0,0,52.4,31.8,82.1,1018.1,64.9,12.6,12.3,1.1,1,10,2024-01-09T07:19:58,2024-01-09T16:46:24,0.94,"Rain, Partially cloudy",Partly cloudy throughout the day with rain.,rain,"72505394728,72055399999,KLGA,KJRB,F1417,KNYC,72503014732"
"New York City,USA",2024-01-10,12.3,6.7,9.3,12.3,2.7,6.4,2.7,65.3,0.757,100,16.67,rain,0,0,84.4,37.1,262,993,94.2,15.4,38.6,3.3,3,10,2024-01-10T07:19:46,2024-01-10T16:47:26,0.97,"Rain, Overcast",Cloudy skies throughout the day with early morning rain.,rain,"72505394728,72055399999,KLGA,KJRB,F1417,KNYC,72503014732"
"New York City,USA",2024-01-11,9.3,5,6.7,6.9,1.7,3.5,-1.9,54.8,0,0,0,,0,0,85.9,26.6,258.4,1010.9,58,16,82.4,7.1,6,10,2024-01-11T07:19:32,2024-01-11T16:48:29,0,Partially cloudy,Becoming cloudy in the afternoon.,partly-cloudy-day,"72505394728,72055399999,KLGA,KJRB,F1417,KNYC,72503014732"
"New York City,USA",2024-01-12,10,3.9,6.6,9.3,1.2,4.3,0.4,65.1,0.014,100,4.17,rain,0,0,51.8,32.6,92,1018.6,17.3,15.9,93.7,8.1,5,10,2024-01-12T07:19:16,2024-01-12T16:49:32,0.04,Rain,Clear conditions throughout the day with late afternoon rain.,rain,"72505394728,72055399999,KLGA,KJRB,F1417,KNYC,72503014732"
"New York City,USA",2024-01-13,12.9,2.9,8.9,12.9,-3,6.3,3.4,71,1.335,100,29.17,rain,0,0,60.6,39.5,275.9,995.9,83.2,14,39.4,3.4,2,10,2024-01-13T07:18:57,2024-01-13T16:50:37,0.08,"Rain, Partially cloudy",Partly cloudy throughout the day with rain clearing later.,rain,"72505394728,72055399999,KLGA,KJRB,F1417,KNYC,72503014732"
"New York City,USA",2024-01-14,6.2,-1.7,2,2.8,-6.4,-2.7,-7.9,49.2,0,0,0,,0,0,56.2,31.1,258.7,1012.8,26.7,16,72.2,6.3,4,10,2024-01-14T07:18:37,2024-01-14T16:51:43,0.11,Partially cloudy,Partly cloudy throughout the day.,partly-cloudy-day,"72505394728,72055399999,KLGA,KJRB,F1417,KNYC,72503014732"
"New York City,USA",2024-01-15,-1.6,-3.9,-2.5,-5.5,-9.4,-7.3,-11.1,52.6,0.033,100,8.33,snow,0.2,0,66.6,18.1,255.9,1023.8,81.5,14.8,45,3.9,3,10,2024-01-15T07:18:14,2024-01-15T16:52:50,0.15,"Snow, Partially cloudy",Partly cloudy throughout the day with late afternoon snow.,snow,"72505394728,72055399999,KLGA,KJRB,F1417,KNYC,72503014732"
"New York City,USA",2024-01-16,0.6,-5,-1.7,-1.2,-8.5,-5.3,-3.4,88.2,0.44,100,66.67,"rain,snow",13,5,53.3,22.5,11.2,1012.2,83,10.5,12.8,1.2,1,10,2024-01-16T07:17:49,2024-01-16T16:53:57,0.18,"Snow, Rain, Partially cloudy",Partly cloudy throughout the day with a chance of rain or snow throughout the day.,snow,"72505394728,72055399999,KLGA,KJRB,F1417,KNYC,72503014732"
"New York City,USA",2024-01-17,-1.3,-7.2,-4.8,-7.9,-14,-10.7,-11.7,59.6,0,0,0,,0,5.1,53.1,27.6,269.8,1016.1,0.2,15.7,126.8,10.9,5,10,2024-01-17T07:17:22,2024-01-17T16:55:06,0.25,Clear,Clear conditions throughout the day.,clear-day,"72505394728,72055399999,KLGA,KJRB,F1417,KNYC,72503014732"
"New York City,USA",2024-01-18,0.7,-5,-2,-1,-12.2,-6.8,-10.8,51.1,0,0,0,,0,3.6,77.8,24,257.1,1020.8,58.4,16,44,3.7,2,10,2024-01-18T07:16:52,2024-01-18T16:56:15,0.25,Partially cloudy,Partly cloudy throughout the day.,partly-cloudy-day,"72505394728,72055399999,KLGA,KJRB,F1417,KNYC,72503014732"
"New York City,USA",2024-01-19,0.6,-2.2,-0.5,0.6,-6.7,-3.9,-5.4,71,0.066,100,20.83,"rain,snow",4.8,3.9,50.5,20.3,44.1,1011.3,87.7,13.3,26,2.2,2,10,2024-01-19T07:16:21,2024-01-19T16:57:25,0.29,"Snow, Rain, Partially cloudy",Partly cloudy throughout the day with rain or snow in the morning and afternoon.,snow,"72505394728,72055399999,KLGA,KJRB,F1417,KNYC,72503014732"
"New York City,USA",2024-01-20,-2.3,-6.7,-4.7,-3.3,-11.1,-8.3,-11.7,58.4,0,0,0,,0,3.7,54.2,13.5,302,1015.4,46,15.8,119,10.2,6,10,2024-01-20T07:15:47,2024-01-20T16:58:35,0.32,Partially cloudy,Becoming cloudy in the afternoon.,partly-cloudy-day,"72505394728,72055399999,KLGA,KJRB,F1417,KNYC,72503014732"
"New York City,USA",2024-01-21,2,-5.7,-2.8,1.5,-10.7,-5.9,-11.2,53.4,0,0,0,,0,1.7,64.2,18.9,309.4,1027,16.9,16,124.3,10.7,5,10,2024-01-21T07:15:12,2024-01-21T16:59:46,0.36,Clear,Clear conditions throughout the day.,clear-day,"72505394728,72055399999,KLGA,KJRB,F1417,KNYC,72503014732"
"New York City,USA",2024-01-22,3.3,-3.3,-0.3,-0.9,-7.8,-4.4,-8.4,55.1,0,0,0,,0,0.2,72,25.4,250.5,1033.8,16.1,16,112.5,9.7,5,10,2024-01-22T07:14:34,2024-01-22T17:00:58,0.39,Clear,Clear conditions throughout the day.,clear-day,"72505394728,72055399999,KLGA,KJRB,F1417,KNYC,72503014732"
"New York City,USA",2024-01-23,3.9,1.2,2.8,3.9,-4,0.1,-3.1,66,0.064,100,12.5,rain,0,0,53.6,21.8,252.8,1032.8,91.1,15.8,31.1,2.8,1,10,2024-01-23T07:13:54,2024-01-23T17:02:10,0.43,"Rain, Overcast",Cloudy skies throughout the day with rain in the morning and afternoon.,rain,"72505394728,72055399999,KLGA,KJRB,F1417,KNYC,72503014732"
"New York City,USA",2024-01-24,8.3,3.8,5.6,7.8,0.4,4.2,3.5,86,0.102,100,33.33,rain,0,0,16.6,14.4,55.5,1031.4,99.6,11.7,22.2,2.1,1,10,2024-01-24T07:13:12,2024-01-24T17:03:22,0.46,"Rain, Overcast",Cloudy skies throughout the day with rain.,rain,"72505394728,72055399999,KLGA,KJRB,F1417,KNYC,72503014732"
"New York City,USA",2024-01-25,12.3,7.8,9.8,12.3,5.8,8.8,8.5,92,0.377,100,50,rain,0,0,35.3,17.8,275.5,1021.2,100,9,34.3,2.9,2,10,2024-01-25T07:12:29,2024-01-25T17:04:35,0.5,"Rain, Overcast",Cloudy skies throughout the day with rain clearing later.,rain,"72505394728,72055399999,KLGA,KJRB,F1417,KNYC,72503014732"
"New York City,USA",2024-01-26,8.3,5.6,6.4,7.2,1.9,3.8,5.1,91,0.293,100,37.5,rain,0,0,63,25.4,41.9,1018.5,99.8,10.1,32.9,2.9,2,10,2024-01-26T07:11:43,2024-01-26T17:05:48,0.53,"Rain, Overcast",Cloudy skies throughout the day with rain clearing later.,rain,"72505394728,72055399999,KLGA,KJRB,F1417,KNYC,72503014732"
"New York City,USA",2024-01-27,8.3,5.7,6.8,7.7,3.7,5.7,4,82.8,0,0,0,,0,0,59,11,114.8,1022.4,99,13.3,39.9,3.5,3,10,2024-01-27T07:10:56,2024-01-27T17:07:02,0.56,Overcast,Cloudy skies throughout the day.,cloudy,"72505394728,72055399999,KLGA,KJRB,F1417,KNYC,72503014732"
"New York City,USA",2024-01-28,5.7,3.3,4.1,4.6,-1.6,0.6,2.7,90.8,1.072,100,75,rain,0,0,57.7,32.1,39.2,1010.5,100,10.8,17.1,1.4,1,10,2024-01-28T07:10:06,2024-01-28T17:08:15,0.6,"Rain, Overcast",Cloudy skies throughout the day with a chance of rain throughout the day.,rain,"72505394728,72055399999,KLGA,KJRB,F1417,KNYC,72503014732"
"New York City,USA",2024-01-29,4.3,2.8,3.4,3.8,-1.4,1.1,0.2,80.1,0.114,100,25,rain,0,0,51.8,18.2,25.4,1010.9,100,15.2,25.4,2.2,1,10,2024-01-29T07:09:15,2024-01-29T17:09:29,0.63,"Rain, Overcast",Cloudy skies throughout the day with early morning rain.,rain,"72505394728,72055399999,KLGA,KJRB,F1417,KNYC,72503014732"
"New York City,USA",2024-01-30,3.3,2.2,2.6,2.9,-1.9,0.1,-2.7,69,0,0,0,,0,0,37.1,16.1,80.2,1022.5,100,15.8,22,1.9,1,10,2024-01-30T07:08:22,2024-01-30T17:10:43,0.66,Overcast,Cloudy skies throughout the day.,cloudy,"72505394728,72055399999,KLGA,KJRB,F1417,KNYC,72503014732"
"New York City,USA",2024-01-31,3.9,1.7,2.9,3.9,-1.9,0.6,-0.6,78.1,0,0,0,,0,0,67.9,14.6,97.6,1020.5,100,15.7,28.7,2.6,1,10,2024-01-31T07:07:27,2024-01-31T17:11:57,0.7,Overcast,Cloudy skies throughout the day.,cloudy,"72505394728,72055399999,KLGA,KJRB,F1417,KNYC,72503014732"
"New York City,USA",2024-02-01,6.3,1.8,4.4,6.3,-0.5,2.7,0.8,77.7,0,0,0,,0,0,55.4,14.5,252.7,1016.1,82.8,15.6,49.8,4.4,3,10,2024-02-01T07:06:30,2024-02-01T17:13:12,0.73,Partially cloudy,Partly cloudy throughout the day.,partly-cloudy-day,"72505394728,72055399999,KLGA,KJRB,F1417,KNYC,72503014732"
"New York City,USA",2024-02-02,6.3,3.9,5.1,5.4,0.4,3.5,2,80.8,0.414,100,33.33,rain,0,0,40.7,16.5,358.4,1012.5,87,13.9,20,1.6,1,10,2024-02-02T07:05:32,2024-02-02T17:14:26,0.75,"Rain, Partially cloudy",Partly cloudy throughout the day with a chance of rain throughout the day.,rain,"72505394728,72055399999,KLGA,KJRB,F1417,KNYC,72503014732"
"New York City,USA",2024-02-03,8.2,1.1,3.9,6.9,-2.4,1.3,-4.4,55.9,0,0,0,,0,0,83.2,16.6,35.8,1017.5,18.8,15.9,137.4,11.9,6,10,2024-02-03T07:04:32,2024-02-03T17:15:40,0.79,Clear,Clear conditions throughout the day.,clear-day,"72505394728,72055399999,KLGA,KJRB,F1417,KNYC,72503014732"
"New York City,USA",2024-02-04,9.2,1,4.3,8.6,-2.7,2.2,-5,52,0,0,0,,0,0,63.7,12.7,28.2,1015.9,0.2,16,146.4,12.6,6,10,2024-02-04T07:03:30,2024-02-04T17:16:55,0.83,Clear,Clear conditions throughout the day.,clear-day,"72505394728,72055399999,KLGA,KJRB,F1417,KNYC,72503014732"
"New York City,USA",2024-02-05,8.7,1.1,3.9,7.1,-2.9,1.3,-7.1,45.4,0,0,0,,0,0,49.5,22,35.4,1014.4,0.1,16,145.5,12.5,6,10,2024-02-05T07:02:27,2024-02-05T17:18:09,0.86,Clear,Clear conditions throughout the day.,clear-day,"72505394728,72055399999,KLGA,KJRB,F1417,KNYC,72503014732"
"New York City,USA",2024-02-06,7.1,-0.7,2.8,6,-6.8,-0.4,-7.1,48.7,0,0,0,,0,0,68.4,25.2,38.4,1021.8,0.1,16,149.5,12.9,6,10,2024-02-06T07:01:22,2024-02-06T17:19:23,0.89,Clear,Clear conditions throughout the day.,clear-day,"72505394728,72055399999,KLGA,KJRB,F1417,KNYC,72503014732"
"New York City,USA",2024-02-07,9.9,1.7,5,8.8,-2.2,3,-3.9,53.8,0,0,0,,0,0,83.2,18,44.1,1025.8,0.6,16,152.8,13.2,6,10,2024-02-07T07:00:16,2024-02-07T17:20:38,0.93,Clear,Clear conditions throughout the day.,clear-day,"72505394728,72055399999,KLGA,KJRB,F1417,KNYC,72503014732"
"New York City,USA",2024-02-08,11.1,2.2,6.1,11.1,0.4,5.1,-1.6,59.2,0,0,0,,0,0,66.6,9.4,227.4,1026,1.1,16,132.2,11.4,6,10,2024-02-08T06:59:08,2024-02-08T17:21:52,0.96,Clear,Clear conditions throughout the day.,clear-day,"72505394728,72055399999,KLGA,KJRB,F1417,KNYC,72503014732"
"New York City,USA",2024-02-09,11.2,5.1,7.6,11.2,3.3,6.5,2.6,71.3,0,0,0,,0,0,87.1,16.4,178,1019.6,10,16,120.3,10.4,6,10,2024-02-09T06:57:59,2024-02-09T17:23:06,0,Clear,Clear conditions throughout the day.,clear-day,"72505394728,72055399999,KLGA,KJRB,F1417,KNYC,72503014732"
"New York City,USA",2024-02-10,13.5,6.8,9.9,13.5,4.6,9.3,4.5,69.2,0,0,0,,0,0,63,12.2,242.7,1011.5,27.2,15.9,64.4,5.5,3,10,2024-02-10T06:56:48,2024-02-10T17:24:19,0.03,Partially cloudy,Partly cloudy throughout the day.,partly-cloudy-day,"72505394728,72055399999,KLGA,KJRB,F1417,KNYC,72503014732"
"New York City,USA",2024-02-11,9.6,6.7,8,9.6,4.5,6.6,0.7,60.5,0,0,0,,0,0,38.9,14.7,282.2,1013.1,32.6,16,56.3,4.7,2,10,2024-02-11T06:55:36,2024-02-11T17:25:33,0.06,Partially cloudy,Becoming cloudy in the afternoon.,partly-cloudy-day,"72505394728,72055399999,KLGA,KJRB,F1417,KNYC,72503014732"
"New York City,USA",2024-02-12,7.9,3.3,5.6,6.8,1.3,4.1,-1,62.9,0,0,0,,0,0,68.4,18.1,16.5,1012.5,46.6,16,114.4,10,6,10,2024-02-12T06:54:22,2024-02-12T17:26:46,0.09,Partially cloudy,Clearing in the afternoon.,partly-cloudy-day,"72505394728,72055399999,KLGA,KJRB,F1417,KNYC,72503014732"
"New York City,USA",2024-02-13,5,1.1,2.9,3.8,-4.7,-0.2,-1.3,75.4,1.11,100,45.83,"rain,snow",33,8.8,48.4,30.8,10.2,1003.4,85.8,10.9,36.3,3.1,2,10,2024-02-13T06:53:07,2024-02-13T17:28:00,0.13,"Snow, Rain, Partially cloudy",Partly cloudy throughout the day with a chance of rain or snow throughout the day.,snow,"72505394728,72055399999,KLGA,KJRB,F1417,KNYC,72503014732"
"New York City,USA",2024-02-14,4.2,-0.1,1.8,3.4,-2.9,-0.5,-9.3,44.6,0,0,0,,0,9,72,18.5,297.1,1016.4,21.9,16,169.8,14.6,7,10,2024-02-14T06:51:51,2024-02-14T17:29:13,0.16,Partially cloudy,Clearing in the afternoon.,partly-cloudy-day,"72505394728,72055399999,KLGA,KJRB,F1417,KNYC,72503014732"
"New York City,USA",2024-02-15,3.8,-2.2,0.9,1.9,-7.3,-2.6,-7.3,54.9,0,0,0,,0,4.8,41.6,20,238.5,1018.6,19.4,15.8,135.7,11.7,6,10,2024-02-15T06:50:34,2024-02-15T17:30:25,0.2,Clear,Clear conditions throughout the day.,clear-day,"72505394728,72055399999,KLGA,KJRB,F1417,KNYC,72503014732"
"New York City,USA",2024-02-16,8.2,2.3,4.5,7.4,-1.6,2.1,-7.8,42.6,0,0,0,,0,0.3,55.5,18.4,288.7,1011.6,16.3,16,169.9,14.7,7,10,2024-02-16T06:49:15,2024-02-16T17:31:38,0.25,Clear,Clear conditions throughout the day.,clear-day,"72505394728,72055399999,KLGA,KJRB,F1417,KNYC,72503014732"
"New York City,USA",2024-02-17,2.8,-1.7,0.7,2.8,-4.7,-1.8,-4.1,72.4,0.29,100,29.17,"rain,snow",16.1,5.2,46.8,14.7,345.3,1009.9,74.7,11.8,64.3,5.6,6,10,2024-02-17T06:47:55,2024-02-17T17:32:50,0.27,"Snow, Rain, Partially cloudy",Partly cloudy throughout the day with rain or snow clearing later.,snow,"72505394728,72055399999,KLGA,KJRB,F1417,KNYC,72503014732"
"New York City,USA",2024-02-18,5,-2.8,0.9,0.5,-8.8,-4.1,-8.2,52.3,0,0,0,,0,0.4,48.3,35.9,258.6,1012.2,2.7,16,177.1,15.2,7,10,2024-02-18T06:46:34,2024-02-18T17:34:02,0.3,Clear,Clear conditions throughout the day.,clear-day,"72505394728,72055399999,KLGA,KJRB,F1417,KNYC,72503014732"
"New York City,USA",2024-02-19,7,0.1,3,5.2,-3.5,0.4,-9.4,40.8,0,0,0,,0,0,47.7,16.7,274.5,1021.1,0.1,16,175.7,15.3,7,10,2024-02-19T06:45:12,2024-02-19T17:35:14,0.33,Clear,Clear conditions throughout the day.,clear-day,"72505394728,72055399999,KLGA,KJRB,F1417,KNYC,72503014732"
"New York City,USA",2024-02-20,4.3,-1.3,1.1,1.6,-7.6,-2.4,-8.9,48,0,0,0,,0,0,50,25.2,55.5,1032,0.3,16,179.8,15.5,7,10,2024-02-20T06:43:49,2024-02-20T17:36:25,0.37,Clear,Clear conditions throughout the day.,clear-day,"72505394728,72055399999,KLGA,KJRB,F1417,KNYC,72503014732"
"New York City,USA",2024-02-21,6.1,0.6,2.4,3.7,-3.9,-0.7,-4.1,62.8,0,0,0,,0,0,86.8,16.2,78.9,1030.6,73.9,16,75,6.5,3,10,2024-02-21T06:42:25,2024-02-21T17:37:36,0.4,Partially cloudy,Partly cloudy throughout the day.,partly-cloudy-day,"72505394728,72055399999,KLGA,KJRB,F1417,KNYC,72503014732"
"New York City,USA",2024-02-22,6.7,1.7,3.8,4.2,-1.1,1.5,-0.6,73.2,0.035,100,12.5,rain,0,0,66.6,16.4,191.1,1016.3,66,15.9,107.4,9.2,5,10,2024-02-22T06:41:00,2024-02-22T17:38:47,0.44,"Rain, Partially cloudy",Partly cloudy throughout the day with late afternoon rain.,rain,"72505394728,72055399999,KLGA,KJRB,F1417,KNYC,72503014732"
"New York City,USA",2024-02-23,7.9,5,6.7,7.9,2.9,5.7,3.9,82.8,0.103,100,20.83,rain,0,0,20.5,12.8,331.7,999.9,71.9,14.3,45.6,4,2,10,2024-02-23T06:39:33,2024-02-23T17:39:57,0.47,"Rain, Partially cloudy",Partly cloudy throughout the day with early morning rain.,rain,"72505394728,72055399999,KLGA,KJRB,F1417,KNYC,72503014732"
"New York City,USA",2024-02-24,7.8,-0.7,4.9,7.7,-3.9,3.3,-5.6,50.3,0,0,0,,0,0,90.9,21.7,307.8,1005.8,26.8,15.9,145.6,12.6,7,10,2024-02-24T06:38:06,2024-02-24T17:41:07,0.5,Partially cloudy,Clearing in the afternoon.,partly-cloudy-day,"72505394728,72055399999,KLGA,KJRB,F1417,KNYC,72503014732"
"New York City,USA",2024-02-25,4.9,-3.9,0.4,3.3,-8.3,-2.4,-9,50.7,0,0,0,,0,0,33.5,17.9,239.2,1020.3,0.3,16,187.8,16.3,7,10,2024-02-25T06:36:38,2024-02-25T17:42:17,0.54,Clear,Clear conditions throughout the day.,clear-day,"72505394728,72055399999,KLGA,KJRB,F1417,KNYC,72503014732"
"New York City,USA",2024-02-26,12.8,1.2,6,12.8,-3.4,4.1,-0.6,63.3,0.019,100,4.17,rain,0,0,83.2,18.2,230.8,1018,36.6,16,114.9,10.1,6,10,2024-02-26T06:35:10,2024-02-26T17:43:27,0.57,"Rain, Partially cloudy",Partly cloudy throughout the day with morning rain.,rain,"72505394728,72055399999,KLGA,KJRB,F1417,KNYC,72503014732"
"New York City,USA",2024-02-27,12.7,5.6,8.8,12.7,2.2,7.8,5.3,79.1,0.711,100,16.67,rain,0,0,42.5,18,36,1015.4,46,13.3,110,9.5,6,10,2024-02-27T06:33:40,2024-02-27T17:44:36,0.61,"Rain, Partially cloudy",Partly cloudy throughout the day with late afternoon rain.,rain,"72505394728,72055399999,KLGA,KJRB,F1417,KNYC,72503014732"
"New York City,USA",2024-02-28,13.9,7.9,11.7,13.9,6.2,11.6,9.4,85.8,0.364,100,58.33,rain,0,0,76,32.8,234.4,1005.6,97.9,13.8,27.6,2.4,2,10,2024-02-28T06:32:09,2024-02-28T17:45:45,0.64,"Rain, Overcast",Cloudy skies throughout the day with a chance of rain throughout the day.,rain,"72505394728,72055399999,KLGA,KJRB,F1417,KNYC,72503014732"
"New York City,USA",2024-02-29,7.2,0,3.4,5.5,-3.7,0.7,-10,37.7,0,0,0,,0,0,70.4,25.2,279.7,1023.6,31.1,16,150.6,12.9,7,10,2024-02-29T06:30:38,2024-02-29T17:46:53,0.67,Partially cloudy,Partly cloudy throughout the day.,partly-cloudy-day,"72505394728,72055399999,KLGA,KJRB,F1417,KNYC,72503014732"
"New York City,USA",2024-03-01,7.2,-0.7,3.3,4.7,-4,0.7,-6.6,49.5,0,0,0,,0,0,76,17.8,205.3,1035.7,6.1,15.9,195,16.9,7,10,2024-03-01T06:29:06,2024-03-01T17:48:02,0.71,Clear,Clear conditions throughout the day.,clear-day,"72505394728,72055399999,KLGA,KJRB,F1417,KNYC,72503014732"
"New York City,USA",2024-03-02,11.7,5,8,11.7,3,6.3,6.1,87.6,1.833,100,58.33,rain,0,0,49.9,23.8,49.6,1025.9,100,10.5,16.3,1.4,1,10,2024-03-02T06:27:34,2024-03-02T17:49:10,0.74,"Rain, Overcast",Cloudy skies throughout the day with rain.,rain,"72505394728,72055399999,KLGA,KJRB,F1417,KNYC,72503014732"
"New York City,USA",2024-03-03,19.3,8.4,12.9,19.3,8.3,12.9,7.5,71.7,0.003,100,4.17,rain,0,0,31.7,16,276.6,1021.5,54.2,15.5,206.1,18,7,10,2024-03-03T06:26:01,2024-03-03T17:50:17,0.75,"Rain, Partially cloudy",Partly cloudy throughout the day with early morning rain.,rain,"72505394728,72055399999,KLGA,KJRB,F1417,KNYC,72503014732"
"New York City,USA",2024-03-04,13.3,7.2,9.7,13.3,4.3,8.4,6,77.8,0,0,0,,0,0,70.4,20.3,62.1,1028,79.9,16,99.4,8.5,8,10,2024-03-04T06:24:27,2024-03-04T17:51:25,0.81,Partially cloudy,Partly cloudy throughout the day.,partly-cloudy-day,"72505394728,72055399999,KLGA,KJRB,F1417,KNYC,72503014732"
"New York City,USA",2024-03-05,7.9,5.7,6.7,6.7,0.8,3.8,5.2,90.2,0.564,100,54.17,rain,0,0,45.7,31.8,37.8,1021.1,100,9.5,34.7,3,2,10,2024-03-05T06:22:52,2024-03-05T17:52:32,0.84,"Rain, Overcast",Cloudy skies throughout the day with rain.,rain,"72505394728,72055399999,KLGA,KJRB,F1417,KNYC,72503014732"
"New York City,USA",2024-03-06,9,7.9,8.3,8.6,3.7,6.5,7.1,91.8,1.716,100,41.67,rain,0,0,51.8,31.3,20.4,1015.4,100,9.2,31.7,2.7,1,10,2024-03-06T06:21:17,2024-03-06T17:53:39,0.88,"Rain, Overcast",Cloudy skies throughout the day with rain.,rain,"72505394728,72055399999,KLGA,KJRB,F1417,KNYC,72503014732"
"New York City,USA",2024-03-07,13.3,7.2,9.9,13.3,4.3,9,6.1,78.3,0.216,100,29.17,rain,0,0,57.3,16.2,17.1,1012.1,95.2,15.6,70.9,6.1,3,10,2024-03-07T06:19:42,2024-03-07T17:54:45,0.91,"Rain, Overcast",Cloudy skies throughout the day with rain clearing later.,rain,"72505394728,72055399999,KLGA,KJRB,F1417,KNYC,72503014732"
"New York City,USA",2024-03-08,13.3,5,8.1,13.3,2.3,6.4,-0.2,57.8,0,0,0,,0,0,77.8,23.5,65.1,1025.4,4.5,16,210.5,18.1,7,10,2024-03-08T06:18:06,2024-03-08T17:55:52,0.94,Clear,Clear conditions throughout the day.,clear-day,"72505394728,72055399999,KLGA,KJRB,F1417,KNYC,72503014732"
"New York City,USA",2024-03-09,8.4,5,6.1,6.2,1.5,2.7,3.3,82,2.199,100,37.5,rain,0,0,53.8,37.7,76,1017.3,98.7,12,25.6,2,1,10,2024-03-09T06:16:29,2024-03-09T17:56:58,0.98,"Rain, Overcast",Cloudy skies throughout the day with rain.,rain,"72505394728,72055399999,KLGA,KJRB,F1417,KNYC,72503014732"
"New York City,USA",2024-03-10,10.6,3.4,6.9,10.6,0.3,4.8,2.1,73,0.155,100,20.83,rain,0,0,68.4,24,294.1,996.9,94.9,14.5,75.1,6.3,4,10,2024-03-10T07:14:52,2024-03-10T18:58:03,0,"Rain, Overcast",Cloudy skies throughout the day with rain.,rain,"72505394728,72055399999,KLGA,KJRB,F1417,KNYC,72503014732"
"New York City,USA",2024-03-11,12.7,2.8,6.9,12.7,0.4,5.5,-7.1,39.9,0,0,0,,0,0,72.2,15,299.4,1004.6,47.1,16,223.7,19.1,8,10,2024-03-11T07:13:15,2024-03-11T18:59:09,0.04,Partially cloudy,Clearing in the afternoon.,partly-cloudy-day,"72505394728,72055399999,KLGA,KJRB,F1417,KNYC,72503014732"
"New York City,USA",2024-03-12,19.3,6.2,12,19.3,3.9,11.2,-3.7,34.2,0,0,0,,0,0,68.4,18.6,267.4,1010.1,9.5,16,221.9,19.2,8,10,2024-03-12T07:11:37,2024-03-12T19:00:14,0.08,Clear,Clear conditions throughout the day.,clear-day,"72505394728,72055399999,KLGA,KJRB,F1417,KNYC,72503014732"
"New York City,USA",2024-03-13,16.1,8.5,11.5,16.1,7.8,11.2,1.3,51.3,0,0,0,,0,0,107.4,16.5,125.4,1013.2,1.1,16,166.6,14.3,6,10,2024-03-13T07:10:00,2024-03-13T19:01:20,0.11,Clear,Clear conditions throughout the day.,clear-day,"72505394728,72055399999,KLGA,KJRB,F1417,KNYC,72503014732"
"New York City,USA",2024-03-14,22.2,7.2,12.2,22.2,5.2,11.8,4.6,63.2,0,0,0,,0,0,81.7,14.2,49,1015.9,1.2,15.8,214.6,18.4,8,10,2024-03-14T07:08:21,2024-03-14T19:02:25,0.14,Clear,Clear conditions throughout the day.,clear-day,"72505394728,72055399999,KLGA,KJRB,F1417,KNYC,72503014732"
"New York City,USA",2024-03-15,21.2,11.2,15.4,21.2,11.2,15.4,6.1,54.3,0,0,0,,0,0,72.4,22.4,288,1007.5,51.7,16,134.5,11.7,7,10,2024-03-15T07:06:43,2024-03-15T19:03:29,0.18,Partially cloudy,Partly cloudy throughout the day.,partly-cloudy-day,"72505394728,72055399999,KLGA,KJRB,F1417,KNYC,72503014732"
"New York City,USA",2024-03-16,14,8.3,11.2,14,6.8,10.9,2.9,57.3,0,0,0,,0,0,37.1,20.4,245.4,1009.6,32.2,16,236,20.3,10,10,2024-03-16T07:05:04,2024-03-16T19:04:34,0.21,Partially cloudy,Clearing in the afternoon.,partly-cloudy-day,"72505394728,72055399999,KLGA,KJRB,F1417,KNYC,72503014732"
"New York City,USA",2024-03-17,16.6,9.4,12.4,16.6,8.1,12.1,0.9,49.2,0,0,0,,0,0,54.1,32.9,266.7,1002.8,45.1,16,190,16.4,8,10,2024-03-17T07:03:25,2024-03-17T19:05:38,0.25,Partially cloudy,Partly cloudy throughout the day.,partly-cloudy-day,"72505394728,72055399999,KLGA,KJRB,F1417,KNYC,72503014732"
"New York City,USA",2024-03-18,10.6,5,8,10.6,3,6.4,-4.5,41.3,0,0,0,,0,0,67.3,18.1,277.5,1006.4,80.7,15.9,171.6,14.7,8,10,2024-03-18T07:01:46,2024-03-18T19:06:42,0.28,Partially cloudy,Partly cloudy throughout the day.,partly-cloudy-day,"72505394728,72055399999,KLGA,KJRB,F1417,KNYC,72503014732"
"New York City,USA",2024-03-19,8.3,2.2,5,6,-2.2,2.2,-5.6,47.5,0,0,0,,0,0,48.7,28.5,269.7,1007.8,61.9,16,204.5,17.6,9,10,2024-03-19T07:00:07,2024-03-19T19:07:47,0.31,Partially cloudy,Partly cloudy throughout the day.,partly-cloudy-day,"72505394728,72055399999,KLGA,KJRB,F1417,KNYC,72503014732"
"New York City,USA",2024-03-20,13.3,3.3,7.2,13.3,0.5,5.6,-0.9,57.6,0.021,100,4.17,rain,0,0,76.1,19.5,261.4,1005.5,88,16,76.3,6.5,3,10,2024-03-20T06:58:27,2024-03-20T19:08:50,0.34,"Rain, Partially cloudy",Partly cloudy throughout the day with late afternoon rain.,rain,"72505394728,72055399999,KLGA,KJRB,F1417,KNYC,72503014732"
"New York City,USA",2024-03-21,6.1,-0.7,2.8,4.3,-4.5,0.1,-11,36.4,0,0,0,,0,0,64.4,31.7,288.1,1019.1,8,16,255.3,22.2,9,10,2024-03-21T06:56:48,2024-03-21T19:09:54,0.38,Clear,Clear conditions throughout the day.,clear-day,"72505394728,72055399999,KLGA,KJRB,F1417,KNYC,72503014732"
"New York City,USA",2024-03-22,6.2,-1.2,2.4,4.6,-4.1,-0.1,-7.9,47.7,0,0,0,,0,0,53.6,14.8,210.1,1028,41.5,15.9,194.6,16.8,8,10,2024-03-22T06:55:09,2024-03-22T19:10:58,0.41,Partially cloudy,Becoming cloudy in the afternoon.,partly-cloudy-day,"72505394728,72055399999,KLGA,KJRB,F1417,KNYC,72503014732"
"New York City,USA",2024-03-23,11,3.8,6.4,11,-0.1,3.9,4.3,86.5,4.74,100,66.67,rain,0,0,61.2,34.2,36.4,1012.1,100,10.9,15.3,1.3,1,10,2024-03-23T06:53:29,2024-03-23T19:12:01,0.45,"Rain, Overcast",Cloudy skies throughout the day with a chance of rain throughout the day.,rain,"72505394728,72055399999,KLGA,KJRB,F1417,KNYC,72503014732"
"New York City,USA",2024-03-24,9.8,0.6,4.6,8.8,-1.9,1.9,-7.1,44.1,0,0,0,,0,0,59,22,41.8,1023.3,0.4,16,254,21.9,8,10,2024-03-24T06:51:50,2024-03-24T19:13:05,0.48,Clear,Clear conditions throughout the day.,clear-day,"72505394728,72055399999,KLGA,KJRB,F1417,KNYC,72503014732"
"New York City,USA",2024-03-25,11.6,2.8,6.5,11.6,-1.9,3.5,-4,47.8,0,0,0,,0,0,72,31.1,42.3,1030.2,0.4,15.7,255.5,22,8,10,2024-03-25T06:50:10,2024-03-25T19:14:08,0.5,Clear,Clear conditions throughout the day.,clear-day,"72505394728,72055399999,KLGA,KJRB,F1417,KNYC,72503014732"
"New York City,USA",2024-03-26,11.1,4.3,7.4,11.1,0,5.2,-0.1,60.2,0,0,0,,0,0,37.1,23.9,59,1023.3,90.3,16,161.3,13.9,7,10,2024-03-26T06:48:31,2024-03-26T19:15:11,0.55,Overcast,Cloudy skies throughout the day.,cloudy,"72505394728,72055399999,KLGA,KJRB,F1417,KNYC,72503014732"
"New York City,USA",2024-03-27,9.1,5.6,7.4,9.1,2.9,6,4.3,80.9,0.054,100,8.33,rain,0,0,66.6,13,30.8,1019.6,100,13.2,51.2,4.5,3,10,2024-03-27T06:46:52,2024-03-27T19:16:15,0.58,"Rain, Overcast",Cloudy skies throughout the day with late afternoon rain.,rain,"72505394728,72055399999,KLGA,KJRB,F1417,KNYC,72503014732"
"New York City,USA",2024-03-28,9.4,7.3,8.6,9.4,5.5,7.7,7.1,90.5,2.268,100,87.5,rain,0,0,38.9,13.3,349.4,1014.3,99.1,13.2,26.8,2.4,1,10,2024-03-28T06:45:12,2024-03-28T19:17:18,0.62,"Rain, Overcast",Cloudy skies throughout the day with a chance of rain throughout the day.,rain,"72505394728,KLGA,KJRB,F8726,F1417,KNYC,72503014732"
"New York City,USA",2024-03-29,13.7,5.7,8.8,13.7,3.7,8.2,-4.3,40.7,0,0,0,,0,0,61.6,17.7,315.9,1007.8,19.2,15.9,261.6,22.7,9,10,2024-03-29T06:43:34,2024-03-29T19:18:21,0.65,Clear,Clear conditions throughout the day.,clear-day,"72505394728,KLGA,KJRB,F1417,KNYC,72503014732"
"New York City,USA",2024-03-30,16.1,5,9.8,16.1,3,9.1,-2.6,44.3,0.038,100,4.17,rain,0,0,66.2,25.4,278.3,1008.6,30.9,15.9,240.1,20.8,9,10,2024-03-30T06:41:55,2024-03-30T19:19:24,0.69,"Rain, Partially cloudy",Partly cloudy throughout the day with late afternoon rain.,rain,"72505394728,KLGA,KJRB,F1417,KNYC,72503014732"
"New York City,USA",2024-03-31,17.1,8.4,12.2,17.1,7,11.8,1.8,52.1,0.147,100,8.33,rain,0,0,35.3,18.3,264.9,1011.4,23,16,246.7,21.4,9,10,2024-03-31T06:40:16,2024-03-31T19:20:27,0.72,"Rain, Partially cloudy",Partly cloudy throughout the day with early morning rain.,rain,"72505394728,KLGA,KJRB,F1417,KNYC,72503014732"
"New York City,USA",2024-04-01,11.8,8.9,10.3,11.8,6.9,9.6,2.8,60.6,0.028,100,4.17,rain,0,0,46.4,20.1,38.9,1014.7,73.2,16,54.6,4.6,2,10,2024-04-01T06:38:38,2024-04-01T19:21:30,0.75,"Rain, Partially cloudy",Partly cloudy throughout the day with morning rain.,rain,"72505394728,72055399999,KLGA,KJRB,F1417,KNYC,72503014732"
"New York City,USA",2024-04-02,9.4,6.7,8,9.4,2.9,5.8,5.9,86.8,2.404,100,58.33,rain,0,0,40.7,26.7,46.5,1013.6,81.7,11.8,36.5,3.2,2,10,2024-04-02T06:37:00,2024-04-02T19:22:32,0.79,"Rain, Partially cloudy",Partly cloudy throughout the day with rain.,rain,"72505394728,72055399999,KLGA,KJRB,F1417,KNYC,72503014732"
"New York City,USA",2024-04-03,6.7,5.6,6,3.7,-0.1,1.4,4.6,90.6,2.15,100,87.5,rain,0,0,64.7,43.7,47.2,1004.3,100,8.1,19.9,1.8,1,10,2024-04-03T06:35:22,2024-04-03T19:23:35,0.82,"Rain, Overcast",Cloudy skies throughout the day with a chance of rain throughout the day.,rain,"72505394728,72055399999,KLGA,KJRB,F1417,KNYC,72503014732"
"New York City,USA",2024-04-04,10.5,3.8,6.6,10.5,-0.9,4.5,1.9,73.6,0.37,100,29.17,rain,0,0,64.2,40.8,25.4,995.7,96.2,14.5,157,13.7,9,10,2024-04-04T06:33:45,2024-04-04T19:24:38,0.86,"Rain, Overcast",Cloudy skies throughout the day with rain clearing later.,rain,"72505394728,72055399999,KLGA,KJRB,F1417,KNYC,72503014732"
"New York City,USA",2024-04-05,9.9,4.3,6.9,8.9,1.3,5.1,-0.9,59,0,0,0,,0,0,53.6,15,284.3,1003.8,79.5,15.9,138.4,12.1,7,10,2024-04-05T06:32:08,2024-04-05T19:25:41,0.89,Partially cloudy,Partly cloudy throughout the day.,partly-cloudy-day,"72505394728,72055399999,KLGA,KJRB,F1417,KNYC,72503014732"
"New York City,USA",2024-04-06,12.1,5.7,8.4,12.1,3.5,7.5,-1,52.8,0,0,0,,0,0,51.7,13.3,325.2,1009.5,86.6,15.9,124.6,10.7,5,10,2024-04-06T06:30:31,2024-04-06T19:26:44,0.93,Partially cloudy,Partly cloudy throughout the day.,partly-cloudy-day,"72505394728,72055399999,KLGA,KJRB,F1417,KNYC,72503014732"
"New York City,USA",2024-04-07,15.6,6.2,9.8,15.6,3.8,9.2,-0.1,51.6,0,0,0,,0,0,45.3,22.2,24.5,1017.6,48.9,16,223.1,19.5,10,10,2024-04-07T06:28:55,2024-04-07T19:27:47,0.96,Partially cloudy,Partly cloudy throughout the day.,partly-cloudy-day,"72505394728,72055399999,KLGA,KJRB,F1417,KNYC,72503014732"
"New York City,USA",2024-04-08,18.8,6.7,11.7,18.8,4.1,11.1,-0.3,47.2,0,0,0,,0,0,20.5,14,262.1,1021,14.6,16,222.3,19.1,10,10,2024-04-08T06:27:20,2024-04-08T19:28:49,0,Clear,Clear conditions throughout the day.,clear-day,"72505394728,72055399999,KLGA,KJRB,F1417,KNYC,72503014732"
"New York City,USA",2024-04-09,24.4,11.2,16.2,24.4,11.2,16.2,4,45.9,0,0,0,,0,0,73.8,18.5,214.7,1017.3,13,16,260.7,22.6,9,10,2024-04-09T06:25:45,2024-04-09T19:29:52,0.03,Clear,Clear conditions throughout the day.,clear-day,"72505394728,72055399999,KLGA,KJRB,F1417,KNYC,72503014732"
"New York City,USA",2024-04-10,17.8,10.7,13.3,17.8,10.7,13.3,7.6,69,0,0,0,,0,0,42.5,23.7,53.2,1017,45.2,15.7,181.8,15.7,7,10,2024-04-10T06:24:10,2024-04-10T19:30:55,0.06,Partially cloudy,Becoming cloudy in the afternoon.,partly-cloudy-day,"72505394728,72055399999,KLGA,KJRB,F8726,F1417,KNYC,72503014732"
"New York City,USA",2024-04-11,16.5,10,12.5,16.5,10,12.5,10.4,86.8,0.312,100,33.33,rain,0,0,40.7,23.3,66.4,1013.7,96.4,14.1,98.7,8.5,5,10,2024-04-11T06:22:36,2024-04-11T19:31:58,0.1,"Rain, Overcast",Cloudy skies throughout the day with rain.,rain,"72505394728,72055399999,KLGA,KJRB,F1417,KNYC,72503014732"
"New York City,USA",2024-04-12,16.7,12.9,14.2,16.7,12.9,14.2,10.3,79.7,0.463,100,37.5,rain,0,0,57.7,37,222.1,998,86.6,11.9,101.4,8.7,6,10,2024-04-12T06:21:02,2024-04-12T19:33:01,0.13,"Rain, Partially cloudy",Partly cloudy throughout the day with a chance of rain throughout the day.,rain,"72505394728,72055399999,KLGA,KJRB,F1417,KNYC,72503014732"
"New York City,USA",2024-04-13,12.9,9.4,11,12.9,6,10.5,2.5,56,0.014,100,4.17,rain,0,0,60.2,38.2,270.5,1004,71.5,16,88.5,7.9,4,10,2024-04-13T06:19:29,2024-04-13T19:34:04,0.16,"Rain, Partially cloudy",Partly cloudy throughout the day with afternoon rain.,rain,"72505394728,72055399999,KLGA,KJRB,F1417,KNYC,72503014732"
"New York City,USA",2024-04-14,21.7,8.9,14.8,21.7,7.2,14.6,3.2,47.2,0.145,100,12.5,rain,0,0,64.4,24.9,254.3,1010.5,19.4,16,235.9,20.3,8,10,2024-04-14T06:17:57,2024-04-14T19:35:07,0.19,Rain,Clear conditions throughout the day with rain.,rain,"72505394728,72055399999,KLGA,KJRB,F1417,KNYC,72503014732"
"New York City,USA",2024-04-15,25.7,14.5,19.5,25.7,14.5,19.5,8.6,54.5,0,0,0,,0,0,63,24.2,285.4,1009.2,17.4,16,281.8,24.3,10,10,2024-04-15T06:16:26,2024-04-15T19:36:09,0.25,Clear,Clear conditions throughout the day.,clear-day,"72505394728,72055399999,KLGA,KJRB,F1417,KNYC,72503014732"
"New York City,USA",2024-04-16,22.8,11.8,16.7,22.8,11.8,16.7,1.1,37.2,0,0,0,,0,0,77.9,22.3,292.8,1019.5,0.4,16,311,26.8,9,10,2024-04-16T06:14:55,2024-04-16T19:37:12,0.26,Clear,Clear conditions throughout the day.,clear-day,"72505394728,72055399999,KLGA,KJRB,F1417,KNYC,72503014732"
"New York City,USA",2024-04-17,15.7,10,12.4,15.7,6.8,12.1,4.9,62.1,0.041,100,12.5,rain,0,0,35.1,27.2,55.4,1020.5,51.1,16,103.4,8.9,8,10,2024-04-17T06:13:25,2024-04-17T19:38:15,0.29,"Rain, Partially cloudy",Becoming cloudy in the afternoon with rain.,rain,"72505394728,72055399999,KLGA,KJRB,KNYC,F1417,72503014732"
"New York City,USA",2024-04-18,10,7.9,8.6,7.2,4.3,5.4,6,83.9,0.029,100,12.5,rain,0,0,47.1,31.6,40,1018.6,98,11.5,47.8,4.2,2,10,2024-04-18T06:11:55,2024-04-18T19:39:18,0.33,"Rain, Overcast",Cloudy skies throughout the day with rain clearing later.,rain,"72505394728,72055399999,KLGA,KJRB,F1417,KNYC,72503014732"
"New York City,USA",2024-04-19,12.9,8.3,9.9,12.9,5.5,8.7,5.1,72.7,0,0,0,,0,0,79.6,20.2,88.5,1020.6,93.1,15.7,196.5,17.1,8,10,2024-04-19T06:10:27,2024-04-19T19:40:21,0.36,Overcast,Cloudy skies throughout the day.,cloudy,"72505394728,72055399999,KLGA,KJRB,F1417,KNYC,72503014732"
"New York City,USA",2024-04-20,20.6,9.4,13,20.6,7.8,12.7,5.8,67.1,0.089,100,8.33,rain,0,0,46.4,18.4,250.7,1014.2,62,15,216.8,18.6,10,10,2024-04-20T06:08:59,2024-04-20T19:41:24,0.39,"Rain, Partially cloudy",Partly cloudy throughout the day with morning rain.,rain,"72505394728,72055399999,KLGA,KJRB,F1417,KNYC,72503014732"
"New York City,USA",2024-04-21,11.7,6.6,9.2,11.7,4.2,8.4,-3,42.7,0,0,0,,0,0,69.7,17.9,282.9,1016.4,6.8,16,145.8,12.6,5,10,2024-04-21T06:07:32,2024-04-21T19:42:27,0.42,Clear,Clear conditions throughout the day.,clear-day,"72505394728,72055399999,KLGA,KJRB,F1417,KNYC,72503014732"
"New York City,USA",2024-04-22,17.2,6.7,11,17.2,4.2,10.3,-2.3,41.8,0,0,0,,0,0,60.8,18,243.9,1018.1,0.4,16,305.8,26.4,9,10,2024-04-22T06:06:06,2024-04-22T19:43:30,0.46,Clear,Clear conditions throughout the day.,clear-day,"72505394728,72055399999,KLGA,KJRB,F1417,KNYC,72503014732"
"New York City,USA",2024-04-23,15.7,7.8,11.2,15.7,6.7,10.8,0.5,48.3,0,0,0,,0,0,59,27.5,193.2,1020.1,4.3,15.8,294.7,25.4,9,10,2024-04-23T06:04:41,2024-04-23T19:44:33,0.5,Clear,Clear conditions throughout the day.,clear-day,"72505394728,72055399999,KLGA,KJRB,F1417,KNYC,72503014732"
"New York City,USA",2024-04-24,20.7,10,14.4,20.7,10,14.4,4.1,51.4,0,0,0,,0,0,73.8,16.3,249.6,1012.8,49.6,15.6,229.2,19.8,10,10,2024-04-24T06:03:17,2024-04-24T19:45:36,0.52,Partially cloudy,Partly cloudy throughout the day.,partly-cloudy-day,"72505394728,72055399999,KLGA,KJRB,F1417,KNYC,72503014732"
"New York City,USA",2024-04-25,13.4,7.1,9.9,13.4,3.6,8.3,-1,47.9,0,0,0,,0,0,77.8,23.8,75,1026,39.6,16,319.7,27.6,10,10,2024-04-25T06:01:54,2024-04-25T19:46:38,0.56,Partially cloudy,Clearing in the afternoon.,partly-cloudy-day,"72505394728,72055399999,KLGA,KJRB,F1417,KNYC,72503014732"
"New York City,USA",2024-04-26,14.4,6.7,10.3,14.4,4.9,9.4,1.5,56.3,0,0,0,,0,0,90.7,18.2,204.8,1031.6,0.6,16,304.5,26.4,9,10,2024-04-26T06:00:32,2024-04-26T19:47:41,0.59,Clear,Clear conditions throughout the day.,clear-day,"72505394728,72055399999,KLGA,KJRB,F1417,KNYC,72503014732"
"New York City,USA",2024-04-27,15,7.9,10.8,15,6.5,10.5,1.8,56.2,0.005,100,4.17,rain,0,0,65.6,25.4,192.9,1032.4,45.3,15.8,232.8,20.1,9,10,2024-04-27T05:59:11,2024-04-27T19:48:44,0.63,"Rain, Partially cloudy",Becoming cloudy in the afternoon with late afternoon rain.,rain,"72505394728,72055399999,KLGA,KJRB,F1417,KNYC,72503014732"
"New York City,USA",2024-04-28,23.9,10.1,15.6,23.9,10.1,15.6,9.8,69.6,0,0,0,,0,0,24.5,9.5,215.9,1021.6,66.5,15.9,255.5,22,9,10,2024-04-28T05:57:51,2024-04-28T19:49:46,0.67,Partially cloudy,Partly cloudy throughout the day.,partly-cloudy-day,"72505394728,72055399999,KLGA,KJRB,F1417,KNYC,72503014732"
"New York City,USA",2024-04-29,28,14.7,19.2,28.2,14.7,19.2,14.8,77.5,0.037,100,8.33,rain,0,0,64.8,21.6,130.4,1015.6,38.1,13.5,257.8,22.2,9,10,2024-04-29T05:56:33,2024-04-29T19:50:49,0.7,"Rain, Partially cloudy",Becoming cloudy in the afternoon with rain.,rain,"72505394728,72055399999,KLGA,KJRB,F1417,KNYC,72503014732"
"New York City,USA",2024-04-30,17.8,11.1,14.2,17.8,11.1,14.2,10.9,80.6,0.046,100,4.17,rain,0,0,50,30.3,47.3,1013.6,74.6,13.5,191.5,16.6,8,10,2024-04-30T05:55:15,2024-04-30T19:51:51,0.74,"Rain, Partially cloudy",Partly cloudy throughout the day with late afternoon rain.,rain,"72505394728,72055399999,KLGA,KJRB,F1417,KNYC,72503014732"
"New York City,USA",2024-05-01,23.1,11.2,15.2,23.1,11.2,15.2,11,77.3,0.07,100,12.5,rain,0,0,38.9,18.2,145.3,1013.6,64.3,14.5,255.6,22,10,10,2024-05-01T05:53:59,2024-05-01T19:52:54,0.75,"Rain, Partially cloudy",Partly cloudy throughout the day with early morning rain.,rain,"72505394728,72055399999,KLGA,KJRB,F1417,KNYC,72503014732"
"New York City,USA",2024-05-02,23.9,11.2,16.7,23.9,11.2,16.7,11.8,75.2,0,0,0,,0,0,70.2,14.6,102.3,1014.7,50.2,13.1,256,22.1,9,10,2024-05-02T05:52:43,2024-05-02T19:53:56,0.81,Partially cloudy,Clearing in the afternoon.,partly-cloudy-day,"72505394728,72055399999,KLGA,KJRB,F1417,KNYC,72503014732"
"New York City,USA",2024-05-03,18.4,11.2,14.3,18.4,11.2,14.3,8.6,69.2,0,0,0,,0,0,64.8,20.1,81.4,1021.4,31.7,15.9,170.8,15,8,10,2024-05-03T05:51:29,2024-05-03T19:54:58,0.84,Partially cloudy,Partly cloudy throughout the day.,partly-cloudy-day,"72505394728,72055399999,KLGA,KJRB,F1417,KNYC,72503014732"
"New York City,USA",2024-05-04,15.7,10.6,12.4,15.7,10.6,12.4,7.2,71,0,0,0,,0,0,33.2,21.6,95.3,1026.3,59.9,16,150.9,13,7,10,2024-05-04T05:50:17,2024-05-04T19:55:59,0.88,Partially cloudy,Partly cloudy throughout the day.,partly-cloudy-day,"72505394728,72055399999,KLGA,KJRB,F1417,KNYC,72503014732"
"New York City,USA",2024-05-05,12.2,10,10.9,12.2,7.7,10.7,8.8,86.6,0.421,100,33.33,rain,0,0,33.5,21.7,81.3,1024.5,100,14.2,36.4,3.2,1,10,2024-05-05T05:49:05,2024-05-05T19:57:01,0.91,"Rain, Overcast",Cloudy skies throughout the day with rain.,rain,"72505394728,72055399999,KLGA,KJRB,F1417,KNYC,72503014732"
"New York City,USA",2024-05-06,22.9,12.2,16,22.9,12.2,16,13.3,84.6,0.05,100,8.33,rain,0,0,47.9,11,351.5,1015.6,75.8,9.2,162.5,14.1,7,10,2024-05-06T05:47:55,2024-05-06T19:58:02,0.95,"Rain, Partially cloudy",Partly cloudy throughout the day with early morning rain.,rain,"72505394728,72055399999,KLGA,KJRB,F1417,KNYC,72503014732"
"New York City,USA",2024-05-07,26.7,15.8,20.4,26.2,15.8,20.4,9.3,53.2,0,0,0,,0,0,61.2,16.1,60.8,1008.5,3.2,15.8,316.3,27.3,9,10,2024-05-07T05:46:47,2024-05-07T19:59:03,0,Clear,Clear conditions throughout the day.,clear-day,"72505394728,72055399999,KLGA,KJRB,F1417,KNYC,72503014732"
"New York City,USA",2024-05-08,28.4,17.9,22.5,28.2,17.9,22.6,14.5,63.7,0.505,100,16.67,rain,0,0,65.9,30.7,262.4,1002.7,53,15.4,245.2,21.2,10,30,2024-05-08T05:45:39,2024-05-08T20:00:04,0.02,"Rain, Partially cloudy",Partly cloudy throughout the day with morning rain.,rain,"72505394728,72055399999,KLGA,KJRB,F1417,KNYC,72503014732"
"New York City,USA",2024-05-09,22.2,16.2,18.7,22.2,16.2,18.7,9,54,0,0,0,,0,0,59.4,14.4,35.2,1006.5,18.7,16,155,13.4,7,10,2024-05-09T05:44:34,2024-05-09T20:01:04,0.05,Clear,Clear conditions throughout the day.,clear-day,"72505394728,72055399999,KLGA,KJRB,F1417,KNYC,72503014732"
"New York City,USA",2024-05-10,15,10.6,11.5,15,10.6,11.5,8.2,80.5,0.366,100,33.33,rain,0,0,66.6,25.3,58,1008.7,100,15.9,47,4.2,2,10,2024-05-10T05:43:29,2024-05-10T20:02:04,0.08,"Rain, Overcast",Cloudy skies throughout the day with rain.,rain,"72505394728,72055399999,KLGA,KJRB,F1417,KNYC,72503014732"
"New York City,USA",2024-05-11,16.6,9.3,12.5,16.6,8,12.3,6.5,68.5,0,0,0,,0,0,71,21.8,141.6,1011.2,23.2,15.9,316.9,27.2,10,10,2024-05-11T05:42:26,2024-05-11T20:03:04,0.11,Partially cloudy,Partly cloudy throughout the day.,partly-cloudy-day,"72505394728,72055399999,KLGA,KJRB,F1417,KNYC,72503014732"
"New York City,USA",2024-05-12,14.3,9.3,11.3,14.3,8.2,11.1,7.1,75.9,0.195,100,29.17,rain,0,0,76,14.6,208.4,1013.5,77.8,15.9,161.5,13.9,8,10,2024-05-12T05:41:25,2024-05-12T20:04:03,0.15,"Rain, Partially cloudy",Partly cloudy throughout the day with rain in the morning and afternoon.,rain,"72505394728,72055399999,KLGA,KJRB,F1417,KNYC,72503014732"
"New York City,USA",2024-05-13,17.8,10,13.4,17.8,8.3,13.4,9.3,76.6,0,0,0,,0,0,73.8,20.2,232.8,1018,58.2,15.7,143.3,12.3,6,10,2024-05-13T05:40:25,2024-05-13T20:05:02,0.18,Partially cloudy,Partly cloudy throughout the day.,partly-cloudy-day,"72505394728,72055399999,KLGA,KJRB,F1417,KNYC,72503014732"
"New York City,USA",2024-05-14,21.2,13.3,17.4,21.2,13.3,17.4,12.2,72.2,0.031,100,4.17,rain,0,0,81.5,15.8,240.3,1016,41.4,16,160.3,13.9,7,10,2024-05-14T05:39:27,2024-05-14T20:06:01,0.21,"Rain, Partially cloudy",Becoming cloudy in the afternoon with late afternoon rain.,rain,"72505394728,72055399999,KLGA,KJRB,F1417,KNYC,72503014732"
"New York City,USA",2024-05-15,18.3,15,16.1,18.3,15,16.1,13.9,87.1,0.319,100,54.17,rain,0,0,53.5,27.7,40.4,1010,99.9,15,87.4,7.6,5,10,2024-05-15T05:38:30,2024-05-15T20:06:58,0.25,"Rain, Overcast",Cloudy skies throughout the day with rain.,rain,"72505394728,72055399999,KLGA,KJRB,F8726,F1417,KNYC,72503014732"
"New York City,USA",2024-05-16,18.8,15,16.7,18.8,15,16.7,13.7,82.6,0.317,100,33.33,rain,0,0,48.7,27.2,28.3,1006.3,100,13.8,115.5,10,5,10,2024-05-16T05:37:35,2024-05-16T20:07:56,0.28,"Rain, Overcast",Cloudy skies throughout the day with rain clearing later.,rain,"72505394728,72055399999,KLGA,KJRB,F8726,KNYC,72503014732"
"New York City,USA",2024-05-17,21.7,15.6,18.2,21.7,15.6,18.2,11.6,66.5,0.005,100,4.17,rain,0,0,38.6,27.3,36,1013.9,89.7,15.8,186.6,16,7,10,2024-05-17T05:36:42,2024-05-17T20:08:53,0.31,"Rain, Partially cloudy",Partly cloudy throughout the day with morning rain.,rain,"72505394728,72055399999,KLGA,KJRB,F8726,KNYC,F1417,72503014732"
"New York City,USA",2024-05-18,20.6,15.1,17,20.6,15.1,17,12.1,73.9,0.066,100,20.83,rain,0,0,14.8,18.1,64.2,1015.2,53.5,15.9,154.7,13.4,7,10,2024-05-18T05:35:50,2024-05-18T20:09:49,0.34,"Rain, Partially cloudy",Partly cloudy throughout the day with late afternoon rain.,rain,"72505394728,72055399999,KLGA,KJRB,F1417,KNYC,72503014732"
"New York City,USA",2024-05-19,23.3,13.9,18.2,23.3,13.9,18.2,12.8,71.8,0,0,0,,0,0,54.2,20.2,68.5,1015.7,66.1,16,298.1,25.7,10,10,2024-05-19T05:35:01,2024-05-19T20:10:44,0.37,Partially cloudy,Partly cloudy throughout the day.,partly-cloudy-day,"72505394728,72055399999,KLGA,KJRB,F1417,KNYC,72503014732"
"New York City,USA",2024-05-20,22.2,13.4,17.4,22.2,13.4,17.4,12.5,74.1,0,0,0,,0,0,66.6,16.2,156,1017.3,16.1,15.8,305.7,26.5,9,10,2024-05-20T05:34:12,2024-05-20T20:11:39,0.41,Clear,Clear conditions throughout the day.,clear-day,"72505394728,72055399999,KLGA,KJRB,F1417,KNYC,72503014732"
"New York City,USA",2024-05-21,27.8,14.4,20.6,28.2,14.4,20.6,14.7,70.9,0,0,0,,0,0,77.8,11.5,193.1,1015.6,9.8,15.9,320.3,27.6,9,10,2024-05-21T05:33:26,2024-05-21T20:12:33,0.44,Clear,Clear conditions throughout the day.,clear-day,"72505394728,72055399999,KLGA,KJRB,F1417,KNYC,72503014732"
"New York City,USA",2024-05-22,27.9,18,23.1,28.2,18,23.1,15.5,63.2,0,0,0,,0,0,74.2,14.9,224.8,1014.2,3.1,16,319,27.6,9,10,2024-05-22T05:32:41,2024-05-22T20:13:27,0.47,Clear,Clear conditions throughout the day.,clear-day,"72505394728,72055399999,KLGA,KJRB,F1417,KNYC,72503014732"
"New York City,USA",2024-05-23,25.6,20,22.3,25.6,20,22.3,16.7,70.8,1.062,100,8.33,rain,0,0,70.2,24.1,253.8,1011.7,19.1,15.4,167.6,14.3,9,10,2024-05-23T05:31:58,2024-05-23T20:14:19,0.5,Rain,Clear conditions throughout the day with morning rain.,rain,"72505394728,72055399999,KLGA,KJRB,F1417,KNYC,72503014732"
"New York City,USA",2024-05-24,29.3,19.4,24.2,28,19.4,23.8,12.1,52.4,0,0,0,,0,0,81.4,14.6,247,1010.5,0.7,16,333.1,28.9,10,10,2024-05-24T05:31:17,2024-05-24T20:15:11,0.54,Clear,Clear conditions throughout the day.,clear-day,"72505394728,72055399999,KLGA,KJRB,F1417,KNYC,72503014732"
"New York City,USA",2024-05-25,26.1,18.9,22.2,26.1,18.9,22.2,10.9,50.4,0,0,0,,0,0,55.4,16.1,97.5,1011.6,1.3,15.9,296.7,25.7,10,10,2024-05-25T05:30:38,2024-05-25T20:16:02,0.57,Clear,Clear conditions throughout the day.,clear-day,"72505394728,72055399999,KLGA,KJRB,F1417,KNYC,72503014732"
"New York City,USA",2024-05-26,26.2,18.9,21.4,26.2,18.9,21.4,17.2,78,0,0,0,,0,0,27.7,16.6,120,1012.7,51.6,15.7,303.3,26.1,10,10,2024-05-26T05:30:01,2024-05-26T20:16:52,0.61,Partially cloudy,Clearing in the afternoon.,partly-cloudy-day,"72505394728,72055399999,KLGA,KJRB,F1417,KNYC,72503014732"
"New York City,USA",2024-05-27,22.9,18.9,20,22.9,18.9,20,18.3,90.1,0.919,100,25,rain,0,0,53.6,18.6,148,1010.3,96.5,14.3,87.7,7.7,4,10,2024-05-27T05:29:26,2024-05-27T20:17:41,0.65,"Rain, Overcast",Cloudy skies throughout the day with rain.,rain,"72505394728,72055399999,KLGA,KJRB,F1417,KNYC,72503014732"
"New York City,USA",2024-05-28,26.7,18.9,22.5,26.7,18.9,22.5,14.5,64.1,0,0,0,,0,0,74.2,35.7,267.1,1007.2,35,15.9,304.3,26.4,10,10,2024-05-28T05:28:52,2024-05-28T20:18:29,0.68,Partially cloudy,Partly cloudy throughout the day.,partly-cloudy-day,"72505394728,72055399999,KLGA,KJRB,F1417,KNYC,72503014732"
"New York City,USA",2024-05-29,25.5,16.7,20.4,25.5,16.7,20.4,12.7,62.8,0.754,100,8.33,rain,0,0,67.9,33.7,249.3,1012.6,33.7,15.5,261.5,22.6,10,10,2024-05-29T05:28:20,2024-05-29T20:19:16,0.72,"Rain, Partially cloudy",Becoming cloudy in the afternoon with late afternoon rain.,rain,"72505394728,72055399999,KLGA,KJRB,F1417,KNYC,72503014732"
"New York City,USA",2024-05-30,22.1,15,18.7,22.1,15,18.7,10.8,63.7,0.29,100,25,rain,0,0,75.1,21.7,356.6,1014.5,89.2,15.9,183.3,15.8,10,10,2024-05-30T05:27:51,2024-05-30T20:20:02,0.75,"Rain, Partially cloudy",Partly cloudy throughout the day with rain clearing later.,rain,"72505394728,72055399999,KLGA,KJRB,F1417,KNYC,72503014732"
"New York City,USA",2024-05-31,25.5,15.6,20.7,25.5,15.6,20.7,6.6,41.8,0,0,0,,0,0,51.8,14.7,318.7,1020,30.6,15.9,315.5,27.3,10,10,2024-05-31T05:27:23,2024-05-31T20:20:46,0.79,Partially cloudy,Becoming cloudy in the afternoon.,partly-cloudy-day,"72505394728,72055399999,KLGA,KJRB,F1417,KNYC,72503014732"
